/css/app.d603759f.css	200	281442
/css/chunk-01bb60e2.764d3a6e.css	200	6696
/css/chunk-02395897.216412c1.css	200	10241
/css/chunk-0535c6c8.7a187ff0.css	200	4752
/css/chunk-0b558480.bbb2c924.css	200	710
/css/chunk-0fa9bc9f.2cc99d89.css	200	1873
/css/chunk-1003eebc.d97d334a.css	200	7849
/css/chunk-113972f0.c763fb46.css	200	75
/css/chunk-113f6636.af984da9.css	200	4118
/css/chunk-1634f6d6.f7281f71.css	200	5907
/css/chunk-17ea7584.f7281f71.css	200	5907
/css/chunk-17fb8c2f.bbb2c924.css	200	710
/css/chunk-188322ba.fa417248.css	200	6414
/css/chunk-190bc3f4.2cc99d89.css	200	1873
/css/chunk-192dbd3c.881d07bc.css	200	804
/css/chunk-1a312079.0e433876.css	200	0
/css/chunk-1e06ebb4.1dec1ac6.css	200	209
/css/chunk-1e39bb6d.1caf6b86.css	200	2965
/css/chunk-1e3ae41f.16701b36.css	200	67
/css/chunk-1e9d2df6.2cc99d89.css	200	1873
/css/chunk-2124a940.cdb9ea60.css	200	396
/css/chunk-2471c5f4.091944c0.css	200	9826
/css/chunk-266ad9fc.6f772500.css	200	3715
/css/chunk-27381bd7.cd361094.css	200	707
/css/chunk-2bbf10bc.3cb82d20.css	200	2520
/css/chunk-2c13c2f8.0671178a.css	200	4774
/css/chunk-2e23aa4d.7044dfab.css	200	485
/css/chunk-2f281d55.f7281f71.css	200	5907
/css/chunk-2f65798a.8fb9cc88.css	200	2949
/css/chunk-30b6a3fc.2930d3be.css	200	11569
/css/chunk-315981f0.f7281f71.css	200	5907
/css/chunk-3201f9c8.b6ab304d.css	200	7943
/css/chunk-33559033.131b735d.css	200	5943
/css/chunk-388e421a.e50380ab.css	200	4740
/css/chunk-390a8f02.4d3801ba.css	200	6872
/css/chunk-39bbe62c.39314b3e.css	200	3703
/css/chunk-39fd86ba.d3416309.css	200	516
/css/chunk-4164c545.5ca99510.css	200	8550
/css/chunk-425fcf5a.d8b579c8.css	200	6029
/css/chunk-4a8f05f9.7738f7bb.css	200	6203
/css/chunk-4ab2ac1a.c3d0ea73.css	200	2643
/css/chunk-4bd13b17.c3d0ea73.css	200	2643
/css/chunk-4c7b24f2.2cc99d89.css	200	1873
/css/chunk-4d46dde6.2c63a976.css	200	6605
/css/chunk-4ef4e146.eced5439.css	200	235
/css/chunk-4f3b3afe.3ee6ce9d.css	200	2455
/css/chunk-5184ad66.eb78d84f.css	200	6231
/css/chunk-5214c664.f7281f71.css	200	5907
/css/chunk-529f98d1.bb7d348f.css	200	6098
/css/chunk-5477f2d4.f7281f71.css	200	5907
/css/chunk-5478975a.2cc99d89.css	200	1873
/css/chunk-54b48793.f7281f71.css	200	5907
/css/chunk-5826fb0e.fb7f2c29.css	200	6617
/css/chunk-5a234056.152d4c72.css	200	308
/css/chunk-5ad2189a.8edb7837.css	200	6273
/css/chunk-5af29568.f7281f71.css	200	5907
/css/chunk-5c01b39e.f7281f71.css	200	5907
/css/chunk-5c178ecd.2cc99d89.css	200	1873
/css/chunk-5c44d88a.3cb82d20.css	200	2520
/css/chunk-5d424340.bbb2c924.css	200	710
/css/chunk-5da91a71.2cc99d89.css	200	1873
/css/chunk-5e4573a2.d9a6a797.css	200	7737
/css/chunk-5e752110.bb9ca107.css	200	8244
/css/chunk-5f3aef76.fb7f2c29.css	200	6617
/css/chunk-6179054a.ead0175f.css	200	4966
/css/chunk-61db30cc.04939ebd.css	200	1247
/css/chunk-620a583e.5ca99510.css	200	8550
/css/chunk-62e1360c.7df487a1.css	200	4275
/css/chunk-662e0858.7dfa7c22.css	200	3018
/css/chunk-665beb53.f7281f71.css	200	5907
/css/chunk-67ca8f0e.f7c07438.css	200	319
/css/chunk-680bfc0a.fa417248.css	200	6414
/css/chunk-6cd07446.af984da9.css	200	4118
/css/chunk-6d54e2b6.2144faaa.css	200	9918
/css/chunk-70a7f5e0.3cb82d20.css	200	2520
/css/chunk-714786eb.9048e266.css	200	14490
/css/chunk-744a0d43.2cc99d89.css	200	1873
/css/chunk-757ad1b4.eced5439.css	200	235
/css/chunk-75b8f387.2cc99d89.css	200	1873
/css/chunk-76780904.26499d03.css	200	1599
/css/chunk-79816175.2cc99d89.css	200	1873
/css/chunk-7c44e7c0.f7281f71.css	200	5907
/css/chunk-7e5267f2.78d2e456.css	200	4516
/css/chunk-8127ce0e.78d2e456.css	200	4516
/css/chunk-88839f02.b7e29d81.css	200	13240
/css/chunk-9393c510.e50380ab.css	200	4740
/css/chunk-9a7b382c.21f74699.css	200	7635
/css/chunk-a0c25378.f7281f71.css	200	5907
/css/chunk-a696c1e8.2cc99d89.css	200	1873
/css/chunk-ad11cd78.8b70d15c.css	200	12241
/css/chunk-ae66d7ae.c763fb46.css	200	75
/css/chunk-af3c162a.b7e29d81.css	200	13240
/css/chunk-af78ce3e.cd361094.css	200	707
/css/chunk-b4f2dc06.93959697.css	200	151
/css/chunk-b4f7ee70.c38565a1.css	200	6053
/css/chunk-bc794352.38e911ec.css	200	4244
/css/chunk-bd64b9ba.7699d463.css	200	1346
/css/chunk-be200584.3a4818a2.css	200	14475
/css/chunk-c6846608.8a071d6f.css	200	3349
/css/chunk-c7617e2e.f1363a62.css	200	8033
/css/chunk-c818e974.3cb82d20.css	200	2520
/css/chunk-c99af778.04939ebd.css	200	1247
/css/chunk-d04aac9c.f7281f71.css	200	5907
/css/chunk-d183c620.4f05cddc.css	200	14416
/css/chunk-d33876aa.1caf6b86.css	200	2965
/css/chunk-d4c051e2.bbb2c924.css	200	710
/css/chunk-d89b5b58.3cb82d20.css	200	2520
/css/chunk-f8194cb0.3cb82d20.css	200	2520
/css/chunk-fd11a300.0356db29.css	200	129
/css/chunk-vendors.231a87c8.css	200	592089
/js/app.9429495c.js	200	254840
/js/chunk-01bb60e2.e778df99.js	200	29486
/js/chunk-02395897.2e8ccffd.js	200	59706
/js/chunk-0535c6c8.5b220b06.js	200	16812
/js/chunk-0adcf1ff.4abe320b.js	200	61840
/js/chunk-0b558480.d9bd294f.js	200	16605
/js/chunk-0fa9bc9f.8a23d34d.js	200	9709
/js/chunk-1003eebc.e684c3c2.js	200	23833
/js/chunk-113972f0.e88a3993.js	200	10508
/js/chunk-113f6636.17d04f2e.js	200	18173
/js/chunk-11931dfa.a5f6d66e.js	200	13769
/js/chunk-131c13e9.f0d164fd.js	200	25389
/js/chunk-1634f6d6.cf626218.js	200	10910
/js/chunk-17ea7584.5dfe224b.js	200	13073
/js/chunk-17fb8c2f.98a2d6e6.js	200	19602
/js/chunk-188322ba.4ca3ad7c.js	200	10037
/js/chunk-190bc3f4.6772359b.js	200	11679
/js/chunk-192dbd3c.da6e4665.js	200	1411
/js/chunk-1a312079.788c72af.js	200	17873
/js/chunk-1b153c57.1176a051.js	200	8681
/js/chunk-1e06ebb4.dc7ab1ee.js	200	9435
/js/chunk-1e39bb6d.9f6d708b.js	200	8182
/js/chunk-1e3ae41f.1a7c4a4d.js	200	2330
/js/chunk-1e9d2df6.45b0741e.js	200	20445
/js/chunk-1f94a25e.e2ae1b42.js	200	20087
/js/chunk-1fbb4f9c.8fff6a8a.js	200	3390
/js/chunk-20979d15.b998fbc8.js	200	3631
/js/chunk-2106904d.adb97d25.js	200	4441
/js/chunk-2124a940.bfa26fba.js	200	6571
/js/chunk-23ae5b73.61238cf2.js	200	10971
/js/chunk-2471c5f4.b64fccd2.js	200	20021
/js/chunk-247df4aa.1b09c567.js	200	15926
/js/chunk-25e04faa.436ec159.js	200	7687
/js/chunk-266ad9fc.0bae2916.js	200	18297
/js/chunk-27381bd7.09495071.js	200	13798
/js/chunk-275103ca.174f9427.js	200	41534
/js/chunk-2bbf10bc.c124b93d.js	200	4526
/js/chunk-2c13c2f8.5ee5f175.js	200	14955
/js/chunk-2d0a45f0.c5829ed0.js	200	364
/js/chunk-2d0aa9a6.88608cad.js	200	1593
/js/chunk-2d0aba09.765fccbe.js	200	373
/js/chunk-2d0aba28.a0992448.js	200	2218
/js/chunk-2d0ac321.eb09f380.js	200	391
/js/chunk-2d0ac3f9.0e9d2e47.js	200	963
/js/chunk-2d0ae5b4.5b8742ba.js	200	354
/js/chunk-2d0af68d.92dbf586.js	200	2385
/js/chunk-2d0b1c17.09822f22.js	200	1946
/js/chunk-2d0b2528.ec17ccfa.js	200	1990
/js/chunk-2d0b2588.3c8e363c.js	200	1034
/js/chunk-2d0b2cde.d1c1cfc1.js	200	1006
/js/chunk-2d0b3a58.b5bf9657.js	200	380
/js/chunk-2d0b3dec.957fc60a.js	200	4420
/js/chunk-2d0b60ec.e22974de.js	200	934
/js/chunk-2d0b6182.d655f37d.js	200	371
/js/chunk-2d0b64e9.29ff7ec4.js	200	2586
/js/chunk-2d0b6cf7.7c607282.js	200	392
/js/chunk-2d0b8a68.cfcabfe8.js	200	3836
/js/chunk-2d0b9d87.61fa47b2.js	200	312
/js/chunk-2d0ba1b6.1de5305b.js	200	397
/js/chunk-2d0ba85d.16f42e5e.js	200	2179
/js/chunk-2d0bb248.cfdd8671.js	200	983
/js/chunk-2d0bd7a6.66c952ea.js	200	500
/js/chunk-2d0bdf35.f2c11ee7.js	200	1016
/js/chunk-2d0be0be.3c24f3a7.js	200	5071
/js/chunk-2d0c06a1.3757b2d2.js	200	3294
/js/chunk-2d0c06cd.b158b183.js	200	1853
/js/chunk-2d0c11f3.1186764c.js	200	2569
/js/chunk-2d0c11f6.13517756.js	200	3258
/js/chunk-2d0c1412.0f317a9e.js	200	472
/js/chunk-2d0c176c.94e2854c.js	200	1735
/js/chunk-2d0c1b4b.0090bb68.js	200	3589
/js/chunk-2d0c4815.d556ef14.js	200	431
/js/chunk-2d0c5023.3a665359.js	200	4878
/js/chunk-2d0c51ca.ba7c7b0d.js	200	1421
/js/chunk-2d0c7cd4.da7568e4.js	200	347
/js/chunk-2d0c85b7.b112c5ae.js	200	2247
/js/chunk-2d0c9388.31a1f75a.js	200	1605
/js/chunk-2d0c976a.318faa4a.js	200	431
/js/chunk-2d0c9779.dfa2a457.js	200	371
/js/chunk-2d0c9aad.57d05103.js	200	1116
/js/chunk-2d0cc224.ac3f4dc9.js	200	312
/js/chunk-2d0ccbd6.3379d497.js	200	2908
/js/chunk-2d0cedad.0f660746.js	200	2755
/js/chunk-2d0cf8b6.a9c048ba.js	200	890
/js/chunk-2d0d0062.58bed40e.js	200	386
/js/chunk-2d0d099b.ac62870d.js	200	3590
/js/chunk-2d0d09b9.20d0f638.js	200	429
/js/chunk-2d0d39e9.79a92a5b.js	200	1543
/js/chunk-2d0d6985.ce4af3f5.js	200	1595
/js/chunk-2d0d6ce6.f3878248.js	200	1220
/js/chunk-2d0d721b.817048d0.js	200	913
/js/chunk-2d0d7665.08446c87.js	200	964
/js/chunk-2d0d7ac1.c1f53b2e.js	200	2856
/js/chunk-2d0dabae.56996734.js	200	2076
/js/chunk-2d0db0a4.2ecc22c5.js	200	7358
/js/chunk-2d0dd0a9.f4711ee8.js	200	583
/js/chunk-2d0dd0ab.8f5f6ddf.js	200	2704
/js/chunk-2d0dd44c.3a8de8a5.js	200	6546
/js/chunk-2d0dea98.9fd49fb2.js	200	2002
/js/chunk-2d0e1bce.0532d14a.js	200	2082
/js/chunk-2d0e2791.281a1e86.js	200	1143
/js/chunk-2d0e4a91.0d3c8d1f.js	200	1880
/js/chunk-2d0e4c10.1d2f20c6.js	200	5215
/js/chunk-2d0e4ce6.4a8518fd.js	200	382
/js/chunk-2d0e4e32.5c3a99b9.js	200	7305
/js/chunk-2d0e5b4f.31573a26.js	200	346
/js/chunk-2d0e5eb3.4b6816b5.js	200	5302
/js/chunk-2d0e60e2.b68027b6.js	200	4293
/js/chunk-2d0e9594.7a8f7286.js	200	10708
/js/chunk-2d0e9990.2384f11c.js	200	2708
/js/chunk-2d0e99ae.404629d4.js	200	789
/js/chunk-2d0e9d71.d19a9a30.js	200	590
/js/chunk-2d0f07b7.b54de7a3.js	200	458
/js/chunk-2d0f0be1.412beacc.js	200	2502
/js/chunk-2d0f0be5.d244d6c0.js	200	1030
/js/chunk-2d0f1591.c4cf9443.js	200	1560
/js/chunk-2d2080d5.e297ebc9.js	200	69239
/js/chunk-2d208628.a153708b.js	200	354
/js/chunk-2d208d6e.62128150.js	200	1795
/js/chunk-2d209561.341fc72c.js	200	9959
/js/chunk-2d20ef58.1d267c8f.js	200	1872
/js/chunk-2d20f3c8.c0a08313.js	200	30472
/js/chunk-2d20f6cd.6d2c7d3f.js	200	2538
/js/chunk-2d20f70a.6f67b195.js	200	8054
/js/chunk-2d20ff02.0d329610.js	200	723
/js/chunk-2d2109aa.a893999c.js	200	2591
/js/chunk-2d2109ef.ba935c87.js	200	591
/js/chunk-2d210f40.44406245.js	200	391
/js/chunk-2d2136f6.47dfc490.js	200	1360
/js/chunk-2d2136f8.1f06ee32.js	200	386
/js/chunk-2d2138ad.b20b492e.js	200	395
/js/chunk-2d21404b.74339894.js	200	3910
/js/chunk-2d215ccf.4e9bb068.js	200	4506
/js/chunk-2d216807.a5e319ab.js	200	1419
/js/chunk-2d216a23.490cfb44.js	200	363
/js/chunk-2d216d66.411b0216.js	200	5441
/js/chunk-2d216f19.195ce1fd.js	200	5762
/js/chunk-2d2176cd.158ff514.js	200	369
/js/chunk-2d217dce.cbd69744.js	200	4005
/js/chunk-2d21a08e.4e35e85b.js	200	2738
/js/chunk-2d21b2d9.ee5df760.js	200	382
/js/chunk-2d21dba7.2850a0a1.js	200	310
/js/chunk-2d221ff2.c2c6d525.js	200	5052
/js/chunk-2d222748.ae729c11.js	200	976
/js/chunk-2d222774.c07c5b8e.js	200	432
/js/chunk-2d222ce9.400c0715.js	200	352
/js/chunk-2d224580.fc2bc261.js	200	3968
/js/chunk-2d2248c8.c6308fc1.js	200	2142
/js/chunk-2d224a96.12fb88c2.js	200	6370
/js/chunk-2d22576e.45731765.js	200	3317
/js/chunk-2d225c52.6939f799.js	200	3633
/js/chunk-2d2268cd.c7cb4ed0.js	200	1166704
/js/chunk-2d226949.f14d4b47.js	200	498
/js/chunk-2d226c80.bda2cc11.js	200	454
/js/chunk-2d229012.00520f62.js	200	5349
/js/chunk-2d229398.4112a85d.js	200	9447
/js/chunk-2d229c02.daf68251.js	200	7008
/js/chunk-2d22bf7d.2987ba0a.js	200	8978
/js/chunk-2d22c53f.230ab83b.js	200	1530
/js/chunk-2d22c950.750860d7.js	200	4986
/js/chunk-2d22d0b2.7a7f66ac.js	200	1435
/js/chunk-2d22d9b9.f2e9d465.js	200	993
/js/chunk-2d22dd3a.92106e88.js	200	994
/js/chunk-2d230473.d225b68a.js	200	10257
/js/chunk-2d2307de.784d8e20.js	200	12564
/js/chunk-2d230c26.5b0361f5.js	200	442
/js/chunk-2d2371cb.0ef94211.js	200	1463
/js/chunk-2d237895.affa089b.js	200	10329
/js/chunk-2d23798e.cb4b7ed4.js	200	382
/js/chunk-2d237b34.d6722d19.js	200	342
/js/chunk-2d237e82.d9e7d193.js	200	1299
/js/chunk-2d2386b1.bcff7245.js	200	337
/js/chunk-2e23aa4d.86b65638.js	200	4981
/js/chunk-2e62ad65.4eccd4cf.js	200	4046
/js/chunk-2f281d55.4c2d1501.js	200	14923
/js/chunk-2f65798a.7b2aa341.js	200	36646
/js/chunk-30b6a3fc.275432ec.js	200	36119
/js/chunk-30e1144e.4ee93a26.js	200	12250
/js/chunk-30efc91a.1446aa1a.js	200	17652
/js/chunk-315981f0.ceb7e231.js	200	17452
/js/chunk-3201f9c8.6ab9f57a.js	200	22948
/js/chunk-33559033.d5078dea.js	200	14507
/js/chunk-34c44a6a.9fb8061a.js	200	13424
/js/chunk-34c6475b.fadcfa39.js	200	199376
/js/chunk-34d12e04.dc77c668.js	200	11670
/js/chunk-350f51d1.3205a21a.js	200	11222
/js/chunk-35275b90.f35a3fb9.js	200	20254
/js/chunk-36fc0d71.6a709bc3.js	200	18671
/js/chunk-38029907.5a705ad7.js	200	12251
/js/chunk-386d45c0.1c6e4665.js	200	5402
/js/chunk-388e421a.b7b3ceb9.js	200	14698
/js/chunk-390a8f02.eb8568c7.js	200	11451
/js/chunk-39bbe62c.8f74f56a.js	200	30370
/js/chunk-39fd86ba.60e84e33.js	200	2322
/js/chunk-3dff1f44.094b2f46.js	200	6655
/js/chunk-4164c545.42705d5c.js	200	19010
/js/chunk-425fcf5a.61cb1515.js	200	6389
/js/chunk-4728753b.42c250e4.js	200	34553
/js/chunk-4a8f05f9.43803f6a.js	200	3520
/js/chunk-4ab2ac1a.cf0f8b02.js	200	21120
/js/chunk-4bd13b17.c15d1189.js	200	22631
/js/chunk-4c7b24f2.835b9af8.js	200	11321
/js/chunk-4d46dde6.0047d075.js	200	27557
/js/chunk-4ef4e146.3cde2f2a.js	200	20509
/js/chunk-4f3b3afe.b6ea4378.js	200	37060
/js/chunk-51104190.7059b6f5.js	200	12243
/js/chunk-5184ad66.a85794a4.js	200	8640
/js/chunk-5214c664.81377f1e.js	200	23785
/js/chunk-529f98d1.d7c1b47b.js	200	7137
/js/chunk-5361558a.e3910ba7.js	200	12016
/js/chunk-5477f2d4.41c91e91.js	200	16776
/js/chunk-5478975a.f80705c5.js	200	20557
/js/chunk-54b48793.5b1d6bb3.js	200	15144
/js/chunk-55bd08a4.cd78be77.js	200	12191
/js/chunk-57dfc552.312f3d41.js	200	7926
/js/chunk-5826fb0e.fbbe1288.js	200	13933
/js/chunk-5a234056.6d8d97c3.js	200	50579
/js/chunk-5ad2189a.51240d89.js	200	29994
/js/chunk-5af29568.37d121e5.js	200	16787
/js/chunk-5c01b39e.88ab6495.js	200	5139
/js/chunk-5c178ecd.d0669750.js	200	15763
/js/chunk-5c44d88a.1749070d.js	200	7947
/js/chunk-5d424340.80fa4811.js	200	16609
/js/chunk-5da91a71.b96a97e9.js	200	14167
/js/chunk-5e325fa6.71808575.js	200	6569
/js/chunk-5e4573a2.75a82f59.js	200	30850
/js/chunk-5e752110.37f71998.js	200	31378
/js/chunk-5f3aef76.45b78162.js	200	9961
/js/chunk-6154a79d.2b4ba6f8.js	200	12246
/js/chunk-6179054a.8f27148f.js	200	66908
/js/chunk-61db30cc.b2a86150.js	200	14897
/js/chunk-620a583e.83c326eb.js	200	19547
/js/chunk-62e1360c.102f83dd.js	200	45906
/js/chunk-662e0858.1c974dec.js	200	12816
/js/chunk-665beb53.395fb733.js	200	12388
/js/chunk-674be07f.50a3e26b.js	200	3830
/js/chunk-675d2824.1ff1bd58.js	200	3875
/js/chunk-67ca8f0e.7e2d6334.js	200	5736
/js/chunk-680bfc0a.c722990a.js	200	48402
/js/chunk-6acedd77.d6148b34.js	200	18562
/js/chunk-6bc33939.caefe8e1.js	200	12536
/js/chunk-6cd07446.a15bd7b1.js	200	11265
/js/chunk-6d54e2b6.ba1e85c9.js	200	16725
/js/chunk-6e54d96d.26af6581.js	200	7783
/js/chunk-70a7f5e0.8a91588d.js	200	6371
/js/chunk-714786eb.e68772c7.js	200	18849
/js/chunk-744a0d43.751621ef.js	200	11187
/js/chunk-74c3e4f4.98584689.js	200	3230
/js/chunk-757ad1b4.373692bc.js	200	8652
/js/chunk-75b8f387.5fd2a2c9.js	200	11224
/js/chunk-76780904.485fba9e.js	200	5178
/js/chunk-770dabb8.139968e3.js	200	149850
/js/chunk-77f7f3d2.24de0339.js	200	7479
/js/chunk-79816175.8bc8b72f.js	200	13578
/js/chunk-7ace5535.1dfb6162.js	200	15059
/js/chunk-7ae93b61.6047695e.js	200	2049
/js/chunk-7c44e7c0.4792272f.js	200	20958
/js/chunk-7e5267f2.c46f3cd7.js	200	28478
/js/chunk-7fd819d8.f20b3ec6.js	200	9951
/js/chunk-8127ce0e.beb8f571.js	200	25990
/js/chunk-87185476.6be9f5fb.js	200	7115
/js/chunk-88839f02.4dff08a7.js	200	22995
/js/chunk-88b88390.ab5ce0f5.js	200	4643
/js/chunk-891dd0ba.2ea53e4f.js	200	3012
/js/chunk-8937f366.b3d107d0.js	200	13043
/js/chunk-8c311764.bdafc013.js	200	2994
/js/chunk-8d6b999a.a0e7d6d0.js	200	22370
/js/chunk-90508bb2.555db2b3.js	200	10649
/js/chunk-9393c510.600574c9.js	200	13967
/js/chunk-9a7b382c.659e1421.js	200	25884
/js/chunk-a0c25378.c069655d.js	200	15337
/js/chunk-a3d76e2e.5218d530.js	200	11507
/js/chunk-a696c1e8.6aa6c538.js	200	10954
/js/chunk-ad11cd78.7de60470.js	200	32630
/js/chunk-ae66d7ae.8c6949d8.js	200	11767
/js/chunk-af3c162a.398d8c68.js	200	22449
/js/chunk-af78ce3e.1dd27155.js	200	13736
/js/chunk-b1c76a9c.8d9ca95b.js	200	43946
/js/chunk-b4f2dc06.490a212b.js	200	6481
/js/chunk-b4f7ee70.795a126b.js	200	24045
/js/chunk-bc794352.3abb7a28.js	200	20695
/js/chunk-bd64b9ba.67e371a8.js	200	32280
/js/chunk-be200584.6a4a1e5b.js	200	15311
/js/chunk-c14cce50.eda39c1e.js	200	6440
/js/chunk-c6846608.83e2021f.js	200	10624
/js/chunk-c7617e2e.33c16c15.js	200	19690
/js/chunk-c818e974.96c2cba7.js	200	5349
/js/chunk-c99af778.a6391964.js	200	17716
/js/chunk-cd1759d2.a4d300a1.js	200	34913
/js/chunk-cead9700.f0d07576.js	200	40991
/js/chunk-ceb7530c.9b86b7c8.js	200	12246
/js/chunk-cf6e3dec.3026e888.js	200	22569
/js/chunk-d04aac9c.6bb3bf0b.js	200	14512
/js/chunk-d183c620.7e932681.js	200	98431
/js/chunk-d3176b78.1b1feece.js	200	4097
/js/chunk-d31c0216.4f4cbb50.js	200	4006
/js/chunk-d33876aa.e05d353a.js	200	7400
/js/chunk-d4c051e2.5fa5c64c.js	200	13538
/js/chunk-d89b5b58.02059052.js	200	12501
/js/chunk-da707758.32c62f33.js	200	4335
/js/chunk-dda11454.13d71379.js	200	6000
/js/chunk-ef0499b0.11e1f91f.js	200	19169
/js/chunk-f4b1c1a8.4da82497.js	200	10123
/js/chunk-f8194cb0.d7f019ff.js	200	12432
/js/chunk-fb8a288c.94d438c4.js	200	2207
/js/chunk-fbaff56c.ce5cee2f.js	200	2080
/js/chunk-fbb4e7ce.9f78afa8.js	200	3643
/js/chunk-fd11a300.ef8ebac3.js	200	15534
/js/chunk-vendors.a8241fee.js	200	1891045
