/account/customers/:id	/account/customers/1	200	27049
/account/ledger-group/edit/:id	/account/ledger-group/edit/1	200	27049
/account/ledger/edit/:id	/account/ledger/edit/1	200	27049
/account/vendors/:id	/account/vendors/1	200	27049
/branch-report/:id	/branch-report/1	200	27049
/branch/:id/edit	/branch/1/edit	200	27049
/cost-centres-parent-edit/:id	/cost-centres-parent-edit/1	200	27049
/cost-centres/:id/edit	/cost-centres/1/edit	200	27049
/cost-centres/:id/show	/cost-centres/1/show	200	27049
/employee-setting/:id	/employee-setting/1	200	27049
/employee-setting/:id/edit	/employee-setting/1/edit	200	27049
/inventory/brands/edit/:id	/inventory/brands/edit/1	200	27049
/inventory/categories/discount/:id	/inventory/categories/discount/1	200	27049
/inventory/categories/edit/:id	/inventory/categories/edit/1	200	27049
/inventory/inventory/product-edit/:id	/inventory/inventory/product-edit/1	200	27049
/inventory/product-bom-show/:id	/inventory/product-bom-show/1	200	27049
/inventory/product-edit2/:id	/inventory/product-edit2/1	200	27049
/inventory/product-show/:id	/inventory/product-show/1	200	27049
/inventory/product-show2/:id	/inventory/product-show2/1	200	27049
/inventory/units/:unit	/inventory/units/1	200	27049
/inventory/variants/:id	/inventory/variants/1	200	27049
/inventory/warehouse/:id	/inventory/warehouse/1	200	27049
/orders/:id	/orders/1	200	27049
/orders/:id/invoice	/orders/1/invoice	200	27049
/paybill/:company_id	/paybill/640	200	27049
/purchase-create-transfer/:transferInId	/purchase-create-transfer/1	200	27049
/purchase-edit-cash/:id	/purchase-edit-cash/1	200	27049
/purchase-edit-ts/:id	/purchase-edit-ts/1	200	27049
/purchase-return-edit/:id	/purchase-return-edit/1	200	27049
/purchase-return-manual-edit/:id	/purchase-return-manual-edit/1	200	27049
/purchase-return/:id	/purchase-return/1	200	27049
/purchase/:id	/purchase/1	200	27049
/purchase/:id/edit	/purchase/1/edit	200	27049
/purchase/:id/invoice	/purchase/1/invoice	200	27049
/quotation/:id/bargain	/quotation/1/bargain	200	27049
/stock-journal/:id/invoice	/stock-journal/1/invoice	200	27049
/voucher/:id/invoice	/voucher/1/invoice	200	27049
