https://redcom.cloud/build/assets/_commonjsHelpers-de833af9.js	200	691
https://redcom.cloud/build/assets/axios-4a70c6fc.js	200	28960
https://redcom.cloud/build/assets/new-app-088c48e5.js	200	282
https://redcom.cloud/build/assets/slick-986a1b3f.js	200	130972
https://redcom.cloud/build/assets/v-app-8fc5a6db.js	200	66295
https://redcom.cloud/storage/bucket/02dppDI1LECVxMrPGueNHLFxGNpWxfsrNvt3lTb1.jpg.jpg	200	64512
https://redcom.cloud/storage/bucket/137-logos-1668410582.jpg	200	2462
https://redcom.cloud/storage/bucket/158-logos-1672146273.jpg	200	37686
https://redcom.cloud/storage/bucket/1uWLEtlZbx4lxMd9ZUM2OhItTDplIMeAoYr7fDV8.jpg.jpeg	200	18969
https://redcom.cloud/storage/bucket/235-logos-1705558855.png	200	6482
https://redcom.cloud/storage/bucket/237-logos-1714910180.jpg	200	13166
https://redcom.cloud/storage/bucket/3fIhXlSLrCraOTGgN5moSmun01zmFRb9vNcCgxkk.png.png	200	3996
https://redcom.cloud/storage/bucket/5yITNyGQxOCuivDJ5k9Pva1urjZLITeBWe0utmWf.jpg.JPG	200	9950
https://redcom.cloud/storage/bucket/77-logos-1659364757.jpeg	200	8469
https://redcom.cloud/storage/bucket/AlRwAAIjqs2GoUg2GQ5R4hiFmX0yEtLGe5WlSxPX.png.png	200	118902
https://redcom.cloud/storage/bucket/DG5gxVdhj4keon3o5HlRtqjsss6Y1MQxxyQMAsp9.png.png	200	1405481
https://redcom.cloud/storage/bucket/DpJo51MBr29UhNdUh1BJKk3kLVY8rWuaFg6vpMPT.jpg.png	200	166347
https://redcom.cloud/storage/bucket/HxT6EtIKwnKLOrwvYHGqwGxJY6EVxb0iN3Y4bhCM.png.png	200	6239
https://redcom.cloud/storage/bucket/XEzf9Q1wCtC6lrq60Ds9bh7ntDZDqq28AFynSRl9.jpg.jpeg	200	52692
https://redcom.cloud/storage/bucket/default/hero.png	200	75898
https://redcom.cloud/storage/bucket/gBDPCeuYyOVVfdsG9AYiGB79O0SjqbkumzhNvKNd.jpg.jpg	200	310023
https://redcom.cloud/storage/bucket/iVfc73B8bUhyg1xxFql0OC5XMRb8DXUXwfdjXDOC.jpg	200	110141
