001	/	301	274
002	/account	200	27049
003	/account-report	200	27049
004	/account-report/balance-details	200	27049
005	/account-report/balance-sheet	200	27049
006	/account-report/balance-sheet-branch-wise	200	27049
007	/account-report/balance-sheet-comparison	200	27049
008	/account-report/balance-sheet-comparison-branch-wise	200	27049
009	/account-report/bill-reports	200	27049
010	/account-report/cash-flow	200	27049
011	/account-report/item-statement	200	27049
012	/account-report/ledger-statement	200	27049
013	/account-report/ledger-statement-new	200	27049
014	/account-report/ledger-summary	200	27049
015	/account-report/profit-loss	200	27049
016	/account-report/profit-loss-branch-wise	200	27049
017	/account-report/profit-loss-compare	200	27049
018	/account-report/sales-profit	200	27049
019	/account-report/trial-balance	200	27049
020	/account/chart-of-account	200	27049
021	/account/customer-order-report	200	27049
022	/account/customer-target-report	200	27049
023	/account/customer-targets	200	27049
024	/account/customers	200	27049
025	/account/customers/:id	404	6603
026	/account/customers/create	200	27049
027	/account/ledger	200	27049
028	/account/ledger-bulk	200	27049
029	/account/ledger-bulk-excel	200	27049
030	/account/ledger-group	200	27049
031	/account/ledger-group/create	200	27049
032	/account/ledger-group/edit/:id	404	6603
033	/account/ledger/create	200	27049
034	/account/ledger/edit/:id	404	6603
035	/account/vendors	200	27049
036	/account/vendors/:id	404	6603
037	/account/vendors/create	200	27049
038	/banking/cheque-book	200	27049
039	/banking/cheque-reconciliation	200	27049
040	/banking/cheque-register	200	27049
041	/bills	200	27049
042	/bom	200	27049
043	/branch	200	27049
044	/branch-create	200	27049
045	/branch-report/:id	404	6603
046	/branch/:id/edit	404	6603
047	/common	200	27049
048	/consumption	200	27049
049	/contact-messages	200	27049
050	/cost-center-profit-loss	200	27049
051	/cost-centre	200	27049
052	/cost-centre-to-group	200	27049
053	/cost-centre-to-ledger	200	27049
054	/cost-centres	200	27049
055	/cost-centres-create	200	27049
056	/cost-centres-groups	200	27049
057	/cost-centres-parent-create	200	27049
058	/cost-centres-parent-edit/:id	404	6603
059	/cost-centres/:id/edit	404	6603
060	/cost-centres/:id/show	404	6603
061	/create-cash	200	27049
062	/dashboard	200	27049
063	/employee-setting	200	27049
064	/employee-setting/:id	404	6603
065	/employee-setting/:id/edit	404	6603
066	/employee-setting/create	200	27049
067	/inventory	200	27049
068	/inventory/brands/create	200	27049
069	/inventory/brands/edit/:id	404	6603
070	/inventory/bulk-edit	200	27049
071	/inventory/bulk-stock	200	27049
072	/inventory/bulk-stock-manual	200	27049
073	/inventory/cart-of-inventory	200	27049
074	/inventory/categories	200	27049
075	/inventory/categories/create	200	27049
076	/inventory/categories/discount/:id	404	6603
077	/inventory/categories/edit/:id	404	6603
078	/inventory/fixed-asset-products	200	27049
079	/inventory/inventory/brands	200	27049
080	/inventory/inventory/product-edit/:id	404	6603
081	/inventory/make-barcode	200	27049
082	/inventory/make-print	200	27049
083	/inventory/price-list	200	27049
084	/inventory/procu/stock-add	200	27049
085	/inventory/procu/stock-add-ts	200	27049
086	/inventory/product-bom-show/:id	404	6603
087	/inventory/product-edit2/:id	404	6603
088	/inventory/product-show/:id	404	6603
089	/inventory/product-show2/:id	404	6603
090	/inventory/products	200	27049
091	/inventory/products-services	200	27049
092	/inventory/units	200	27049
093	/inventory/units/:unit	404	6603
094	/inventory/units/create	200	27049
095	/inventory/variant-create	200	27049
096	/inventory/variants	200	27049
097	/inventory/variants/:id	404	6603
098	/inventory/vendors	200	27049
099	/inventory/warehouse	200	27049
100	/inventory/warehouse/:id	404	6603
101	/inventory/warehouse/create	200	27049
102	/ledger-balance-update	200	27049
103	/login	200	27049
104	/logout	200	27049
105	/logs	200	27049
106	/not-found	200	27049
107	/orders/:id	404	6603
108	/orders/:id/invoice	404	6603
109	/others	200	27049
110	/paybill/:company_id	404	6603
111	/payments	200	27049
112	/payments/canceled	200	27049
113	/payments/pending	200	27049
114	/payments/success	200	27049
115	/production	200	27049
116	/purchase	200	27049
117	/purchase-all	200	27049
118	/purchase-bulk-create-excel	200	27049
119	/purchase-bulk-create-manual	200	27049
120	/purchase-canceled	200	27049
121	/purchase-create	200	27049
122	/purchase-create-cash	200	27049
123	/purchase-create-transfer/:transferInId	404	6603
124	/purchase-create-ts	200	27049
125	/purchase-delivered	200	27049
126	/purchase-edit-cash/:id	404	6603
127	/purchase-edit-ts/:id	404	6603
128	/purchase-paids	200	27049
129	/purchase-pending	200	27049
130	/purchase-rates	200	27049
131	/purchase-return-edit/:id	404	6603
132	/purchase-return-manual	200	27049
133	/purchase-return-manual-edit/:id	404	6603
134	/purchase-return/:id	404	6603
135	/purchase-transfer-recieve	200	27049
136	/purchase-unpaids	200	27049
137	/purchase/:id	404	6603
138	/purchase/:id/edit	404	6603
139	/purchase/:id/invoice	404	6603
140	/purchase/vendors	200	27049
141	/quotation/:id/bargain	404	6603
142	/reset-password	200	27049
143	/sales	200	27049
144	/sales/all	200	27049
145	/sales/board	200	27049
146	/sales/delivered	200	27049
147	/sales/paid	200	27049
148	/sales/pending	200	27049
149	/sales/unpaid	200	27049
150	/sms-report	200	27049
151	/stock-journal	200	27049
152	/stock-journal/:id/invoice	404	6603
153	/stock-report	200	27049
154	/stock-report/category-wise-stock	200	27049
155	/stock-report/current-stocks	200	27049
156	/stock-report/current-stocks-daily	200	27049
157	/stock-report/item-variant-wise	200	27049
158	/stock-report/item-wise	200	27049
159	/stock-report/stock-valuation	200	27049
160	/stock-report/stock-valuation-categories	200	27049
161	/stock-report/warehouse-summary	200	27049
162	/stock-report/warranties	200	27049
163	/stock-report/warranties-create	200	27049
164	/system	200	27049
165	/tags	200	27049
166	/transaction	200	27049
167	/transfer	200	27049
168	/voucher/:id/invoice	404	6603
